Substrate,Species,Reference,-7,-6,-5,-4,-3,-2,-1,0,1,2,3,4,5,6,7,Phosphite
,,sp|P48735|IDHP_HUMAN,E,A,E,A,A,H,G,xT,V,T,R, , , , ,
,,sp|P29401|TKT_HUMAN, , , , , , ,S,xT,F,A,A,F,F,T,R,
,,sp|P30050|RL12_HUMAN, , , , , , ,L,xT,I,Q,N,R, , , ,
,,sp|P56556|NDUA6_HUMAN, , , ,Q,A,T,S,xT,A,S,T,F,V,K,P,
,,sp|Q14554|PDIA5_HUMAN, , , , ,G,F,P,xT,I,C,Y,F,E,K, ,
,,sp|P29401|TKT_HUMAN, , , , ,H,Q,P,xT,A,I,I,A,K, , ,
,,sp|P29401|TKT_HUMAN, , , , , ,N,S,xT,F,S,E,I,F,K, ,
,,sp|Q00839|HNRPU_HUMAN, , , , , , ,S,xS,G,P,T,S,L,F,A,
,,sp|Q8IXT5|RB12B_HUMAN, , , , , , , ,xS,P,T,E,D,F,R, ,
,,sp|P52566|GDIR2_HUMAN, , , , , , ,A,xT,F,M,V,G,S,Y,G,
,,sp|Q9H9T3|ELP3_HUMAN, , , , ,L,Y,P,xT,L,V,I,R, , , ,
,,sp|Q9UBT2|SAE2_HUMAN, , ,G,T,I,L,I,xS,S,E,E,G,E,T,E,
,,sp|Q9Y490|TLN1_HUMAN, , , ,E,G,T,E,xT,F,A,D,H,R, , ,
,,sp|Q9NY61|AATF_HUMAN,G,M,D,D,L,G,S,xS,E,E,E,E,D,E,E,
,,sp|P29218|IMPA1_HUMAN, , , ,Y,P,S,H,xS,F,I,G,E,E,S,V,
,,sp|P29401|TKT_HUMAN, , , , , , , ,xS,T,F,A,A,F,F,T,
,,sp|P07900|HS90A_HUMAN, , , , , , ,E,xS,E,D,K,P,E,I,E,
,,sp|P28070|PSB4_HUMAN,N,S,T,M,L,G,A,xS,G,D,Y,A,D,F,Q,
,,sp|Q13564|ULA1_HUMAN, , , , , , ,Q,xT,P,S,F,W,I,L,A,
,,sp|P09429|HMGB1_HUMAN; sp|P26583|HMGB2_HUMAN, , , , ,R,P,P,xS,A,F,F,L,F, , ,
,,sp|Q71UM5|RS27L_HUMAN; sp|P42677|RS27_HUMAN, , ,L,T,E,G,C,xS,F,R, , , , , ,
,,sp|P00505|AATM_HUMAN, , , ,V,G,A,F,xT,M,V,C,K, , , ,
,,sp|O43175|SERA_HUMAN, , , , , ,A,G,xT,G,V,D,N,V,D,L,
,,sp|P07437|TBB5_HUMAN,V,T,F,I,G,N,S,xT,A,I,Q,E,L,F,K,
,,sp|P10599|THIO_HUMAN, , , , ,C,M,P,xT,F,Q,F,F,K, , ,
,,sp|Q9UQ35|SRRM2_HUMAN, , , , , ,S,P,xS,V,S,S,P,E,P,A,
,,sp|P40926|MDHM_HUMAN, , , ,A,G,A,G,xS,A,T,L,S,M,A,Y,
,,sp|Q96FS4|SIPA1_HUMAN,A,G,E,A,R,P,P,xT,P,A,S,P,R, , ,
,,sp|Q9H0D6|XRN2_HUMAN, ,K,A,E,D,S,D,xS,E,P,E,P,E,D,N,
,,sp|P07814|SYEP_HUMAN, ,A,I,Q,G,G,T,xS,H,H,L,G,Q,N,F,
,,sp|P16403|H12_HUMAN; sp|P16401|H15_HUMAN, , , , , , ,G,xT,L,V,Q,T,K, , ,
,,sp|Q92733|PRCC_HUMAN,P,E,L,H,K,G,D,xS,D,S,E,E,D,E,P,
,,sp|Q9UHB9|SRP68_HUMAN, , , , , ,F,E,xT,F,C,L,D,P,S,L,
,,sp|P46781|RS9_HUMAN, , , , ,R,L,Q,xT,Q,V,F,K, , , ,
,,sp|Q93084|AT2A3_HUMAN; sp|P16615|AT2A2_HUMAN, , , , , ,T,G,xT,L,T,T,N,Q,M,S,
,,sp|P07237|PDIA1_HUMAN, , , , , ,V,H,xS,F,P,T,L,K, , ,
,,sp|Q9Y3T9|NOC2L_HUMAN, , , , , , , ,xS,P,D,K,P,G,G,S,
,,sp|O00264|PGRC1_HUMAN; sp|O15173|PGRC2_HUMAN, , , , ,G,L,A,xT,F,C,L,D,K, , ,
,,sp|Q9NVI7|ATD3A_HUMAN; sp|Q5T9A4|ATD3B_HUMAN, , , , , ,A,G,xT,L,F,G,E,G,F,R,
,,sp|O94903|PLPHP_HUMAN, , , , , , ,G,xS,T,I,F,G,E,R, ,
,,sp|O15530|PDPK1_HUMAN, ,A,N,S,F,V,G,xT,A,Q,Y,V,S,P,E,
,,sp|Q96RP9|EFGM_HUMAN, , , , ,K,G,D,xT,I,Y,N,T,R, , ,
,,sp|Q9UBS9|SUCO_HUMAN, , , , , ,L,G,xT,F,H,G,R, , , ,
,,sp|Q14697|GANAB_HUMAN, , , , , ,G,G,xT,I,V,P,R, , , ,
,,sp|Q13057|COASY_HUMAN, , ,G,A,V,G,G,xT,F,D,R, , , , ,
,,sp|P25205|MCM3_HUMAN, ,G,G,Y,T,S,G,xT,F,R, , , , , ,
,,sp|P08559|ODPA_HUMAN, , , , , ,G,G,xS,M,H,M,Y,A,K, ,
,,sp|Q69YN4|VIR_HUMAN, , , ,K,Q,N,T,xS,R,P,P,S,M,H,V,
,,sp|Q9UQ35|SRRM2_HUMAN, , , , , , , ,xS,P,G,M,L,E,P,L,
,,sp|P60866|RS20_HUMAN, , , , , , ,I,xT,L,T,S,R, , , ,
,,sp|P07900|HS90A_HUMAN, ,E,R,D,K,E,V,xS,D,D,E,A,E,E,K,
,,sp|O75449|KTNA1_HUMAN; sp|Q9BW62|KATL1_HUMAN, , , , , , ,T,xT,F,F,N,V,S,S,S,
,,sp|P06744|G6PI_HUMAN, , , , , ,T,F,xT,T,Q,E,T,I,T,N,
,,sp|P42166|LAP2A_HUMAN, , , , , ,S,S,xT,P,L,P,T,I,S,S,
,,sp|P39656|OST48_HUMAN, , , , , , ,S,xS,L,N,P,I,L,F,R,
,,sp|Q9H583|HEAT1_HUMAN, , , , , ,L,L,xT,F,Y,N,L,A,D,C,
,,sp|O60942|MCE1_HUMAN, ,G,H,G,E,C,P,xT,T,E,N,T,E,T,F,
,,sp|Q01469|FABP5_HUMAN, , , , , , ,K,xT,Q,T,V,C,N,F,T,
,,sp|Q9NYF8|BCLF1_HUMAN, , , , , ,Q,K,xS,P,E,I,H,R, , ,
,,sp|P17844|DDX5_HUMAN, , , , , ,T,G,xT,A,Y,T,F,F,T,P,
,,sp|Q69YN4|VIR_HUMAN,Q,N,T,S,R,P,P,xS,M,H,V,D,D,F,V,
,,sp|P28070|PSB4_HUMAN, , , ,V,N,N,S,xT,M,L,G,A,S,G,D,
,,sp|P11940|PABP1_HUMAN, , , ,A,L,Y,D,xT,F,S,A,F,G,N,I,
,,sp|Q12905|ILF2_HUMAN,P,Q,G,E,E,E,E,xS,M,E,T,Q,E, , ,
,,sp|Q7Z5L9|I2BP2_HUMAN, , , , , , , ,xS,P,P,G,A,A,A,S,
,,sp|Q69YN4|VIR_HUMAN, , , , ,K,Q,N,xT,S,R,P,P,S,M,H,
,,sp|P04181|OAT_HUMAN; sp|Q5UIP0|RIF1_HUMAN; sp|Q9H3T2|SEM6C_HUMAN; RRRRRsp|P48546|GIPR_HUMAN, , , , , , ,L,xT,L,T,S,R, , , ,
,,sp|P35249|RFC4_HUMAN, , , , , ,G,T,xS,I,S,T,K,P,P,L,
,,sp|O00541|PESC_HUMAN, , , , , ,Y,P,xT,F,I,D,A,L,R, ,
,,sp|Q9BVA1|TBB2B_HUMAN; sp|Q13885|TBB2A_HUMAN; sp|P68371|TBB4B_HUMAN, , , , ,M,S,A,xT,F,I,G,N,S,T,A,
,,sp|Q96I25|SPF45_HUMAN,S,P,T,G,P,S,N,xS,F,L,A,N,M,G,G,
,,sp|P26599|PTBP1_HUMAN, , , ,D,Y,G,N,xS,P,L,H,R, , , ,
,,sp|P11142|HSP7C_HUMAN, , , , , , ,G,xT,L,D,P,V,E,K, ,
,,sp|P61769|B2MG_HUMAN, , , ,V,N,H,V,xT,L,S,Q,P,K, , ,
,,sp|P54687|BCAT1_HUMAN, , , , , , ,P,xT,F,I,G,T,E,P,S,
,,sp|P49327|FAS_HUMAN, , , , ,V,Y,A,xT,I,L,N,A,G,T,N,
,,sp|P62750|RL23A_HUMAN, , , , , ,V,N,xT,L,I,R,P,D,G,E,
,,sp|P11940|PABP1_HUMAN, , , , ,A,L,D,xT,M,N,F,D,V,I,K,
,,sp|Q00839|HNRPU_HUMAN, , , , , , , ,xS,S,G,P,T,S,L,F,
,,sp|Q8N6L1|KTAP2_HUMAN, , , , , ,I,S,xS,T,L,Y,Q,A,A,A,
,,sp|Q13442|HAP28_HUMAN, ,S,L,D,S,D,E,xS,E,D,E,E,D,D,Y,
,,sp|P40227|TCPZ_HUMAN, , , , , , ,H,xT,L,T,Q,I,K, , ,
,,sp|Q13442|HAP28_HUMAN, , , , ,S,L,D,xS,D,E,S,E,D,E,E,
,,sp|Q9H1E3|NUCKS_HUMAN, , , , ,D,S,G,xS,D,E,D,F,L,M,E,
,,sp|Q96KR1|ZFR_HUMAN,T,A,A,W,T,G,T,xT,F,T,K, , , , ,
,,sp|Q9C0C9|UBE2O_HUMAN,I,H,G,E,D,S,D,xS,E,G,E,E,E,G,R,
,,sp|Q9NY61|AATF_HUMAN,E,E,E,E,D,E,E,xS,G,M,E,E,G,D,D,
,,sp|P62888|RL30_HUMAN, , , , , ,V,C,xT,L,A,I,I,D,P,G,
,,sp|O43414|ERI3_HUMAN, , , , , ,A,Y,xS,F,A,M,G,C,W,P,
,,sp|O75449|KTNA1_HUMAN; sp|Q9BW62|KATL1_HUMAN, , , , , , , ,xT,T,F,F,N,V,S,S,
,,sp|O60942|MCE1_HUMAN,E,C,P,T,T,E,N,xT,E,T,F,I,R, , ,
,,sp|Q9UBT2|SAE2_HUMAN, , , , , , ,G,xT,I,L,I,S,S,E,E,
,,sp|Q8IVH4|MMAA_HUMAN, , , , , , ,S,xT,F,I,E,Y,F,G,K,
,,sp|A0FGR8|ESYT2_HUMAN, ,G,A,N,T,H,L,xS,T,F,S,F,T,K, ,
,,sp|P57764|GSDMD_HUMAN,T,V,T,I,P,S,G,xS,T,L,A,F,R, , ,
,,sp|P21399|ACOC_HUMAN, , , , , , ,G,xT,F,A,N,I,R, , ,
,,sp|P19338|NUCL_HUMAN, , , ,V,A,V,A,xT,P,A,K, , , , ,
,,sp|Q9BSJ8|ESYT1_HUMAN, , , ,L,G,T,Q,xT,F,C,S,R, , , ,
,,sp|O75964|ATP5L_HUMAN, , , , , ,L,A,xT,F,W,Y,Y,A,K, ,
,,sp|O43175|SERA_HUMAN, , , , , , ,G,xT,I,Q,V,I,T,Q,G,
,,sp|Q9BSL1|UBAC1_HUMAN, , , , ,R,A,P,xS,P,L,P,K, , , ,
,,sp|P27824|CALX_HUMAN, , , , ,G,T,L,xS,G,W,I,L,S,K, ,
,,sp|Q86SU0|ILDR1_HUMAN, , , , , , ,I,xT,I,Q,N,R, , , ,
,,sp|P25705|ATPA_HUMAN, , , , , ,T,G,xT,A,E,M,S,S,I,L,
,,sp|Q12979|ABR_HUMAN, ,D,M,S,L,K,R,xT,P,S,K, , , , ,
,,sp|P00558|PGK1_HUMAN,T,G,Q,A,T,V,A,xS,G,I,P,A,G,W,M,
,,sp|P13639|EF2_HUMAN, , , , , , , ,xT,F,C,Q,L,I,L,D,
,,sp|P12236|ADT3_HUMAN; sp|Q9H0C2|ADT4_HUMAN; sp|P12235|ADT1_HUMAN; sp|P05141|ADT2_HUMAN, , , , ,Y,F,P,xT,Q,A,L,N,F,A,F,
,,sp|P60709|ACTB_HUMAN,I,T,A,L,A,P,S,xT,M,K, , , , , ,
,,sp|Q02878|RL6_HUMAN, , , , ,A,S,I,xT,P,G,T,I,L,I,I,
,,sp|P39656|OST48_HUMAN, , , , , ,A,P,xT,I,V,G,K, , , ,
,,sp|Q9Y5B9|SP16H_HUMAN,I,F,P,N,P,E,A,xT,F,V,K, , , , ,
,,sp|P11171|41_HUMAN, ,V,V,V,H,Q,E,xT,E,I,A,D,E, , ,
,,sp|P55265|DSRAD_HUMAN, , , , , ,A,M,xT,I,L,L,E,E,A,K,
,,sp|Q99832|TCPH_HUMAN, , , , , ,T,F,xS,Y,A,G,F,E,M,Q,
,,sp|P17844|DDX5_HUMAN; sp|Q92841|DDX17_HUMAN, , , , , , ,Q,xT,L,M,W,S,A,T,W,
,,sp|Q9UBT2|SAE2_HUMAN, ,G,T,I,L,I,S,xS,E,E,G,E,T,E,A,
,,sp|P06744|G6PI_HUMAN, , , , , , , ,xT,F,T,T,Q,E,T,I,
,,sp|P37802|TAGL2_HUMAN, , , , ,I,Q,A,xS,T,M,A,F,K, , ,
,,sp|Q9BVA1|TBB2B_HUMAN; sp|Q13885|TBB2A_HUMAN; sp|P68371|TBB4B_HUMAN,S,A,T,F,I,G,N,xS,T,A,I,Q,E,L,F,
,,sp|O60927|PP1RB_HUMAN, , ,A,F,G,E,S,xS,T,E,S,D,E,E,E,
,,sp|Q8IZL8|PELP1_HUMAN, , , , , , ,G,xS,P,D,G,S,L,Q,T,
,,sp|P15531|NDKA_HUMAN, , ,N,I,I,H,G,xS,D,S,V,E,S,A,E,
,,sp|Q6PJG2|EMSA1_HUMAN, , , , , ,A,G,xT,F,I,A,P,P,V,Y,
,,sp|Q9BWW4|SSBP3_HUMAN; sp|Q9BWG4|SSBP4_HUMAN; sp|P81877|SSBP2_HUMAN, , , , ,S,A,Q,xT,F,L,S,E,I,R, ,
,,sp|P14625|ENPL_HUMAN, , , , , ,G,T,xT,I,T,L,V,L,K, ,
,,sp|Q9NY33|DPP3_HUMAN, , , , , ,F,S,xT,I,A,S,S,Y,E,E,
,,sp|P28070|PSB4_HUMAN, , , , ,V,N,N,xS,T,M,L,G,A,S,G,
,,sp|P56556|NDUA6_HUMAN,Q,A,T,S,T,A,S,xT,F,V,K,P,I,F,S,
,,sp|Q01130|SRSF2_HUMAN, , , , , , , ,xS,R,S,P,P,P,V,S,
,,sp|P00558|PGK1_HUMAN,C,A,N,P,A,A,G,xS,V,I,L,L,E,N,L,
,,sp|Q9BZF1|OSBL8_HUMAN, , , ,V,V,L,P,xT,F,I,L,E,P,R, ,
,,sp|P29350|PTN6_HUMAN, , , ,A,G,P,G,xS,P,L,R, , , , ,
,,sp|P52209|6PGD_HUMAN, , ,V,V,G,A,Q,xS,L,K, , , , , ,
,,sp|O43491|E41L2_HUMAN, ,V,C,V,E,H,H,xT,F,Y,R, , , , ,
,,sp|P00558|PGK1_HUMAN, , , ,T,G,Q,A,xT,V,A,S,G,I,P,A,
,,sp|Q96KR1|ZFR_HUMAN,A,A,A,T,A,A,W,xT,G,T,T,F,T,K, ,
,,sp|O15120|PLCB_HUMAN, , , , , , ,T,xT,F,L,H,I,S,K, ,
,,sp|Q5JTH9|RRP12_HUMAN, , , , ,R,V,P,xS,P,V,L,I,K, , ,
,,sp|P78417|GSTO1_HUMAN, ,V,P,S,L,V,G,xS,F,I,R, , , , ,
,,sp|O00154|BACH_HUMAN, , , , , , ,A,xT,L,W,Y,V,P,L,S,
,,sp|P78347|GTF2I_HUMAN, , , , , ,S,P,xT,W,F,G,I,P,R, ,
,,sp|P08758|ANXA5_HUMAN, , , , , , ,G,xT,V,T,D,F,P,G,F,
,,sp|P51991|ROA3_HUMAN, , , , , ,Y,H,xT,I,N,G,H,N,C,E,
,,sp|P35659|DEK_HUMAN,L,L,Y,N,R,P,G,xT,V,S,S,L,K, , ,
,,sp|Q00839|HNRPU_HUMAN, , ,S,S,G,P,T,xS,L,F,A,V,T,V,A,
,,sp|O60927|PP1RB_HUMAN, , , ,A,F,G,E,xS,S,T,E,S,D,E,E,
,,sp|P07900|HS90A_HUMAN; sp|P08238|HS90B_HUMAN, ,I,R,Y,E,S,L,xT,D,P,S,K, , , ,
,,sp|Q96KR1|ZFR_HUMAN,A,T,A,A,W,T,G,xT,T,F,T,K, , , ,
,,sp|Q8N6L1|KTAP2_HUMAN, , , , ,I,S,S,xT,L,Y,Q,A,A,A,P,
,,sp|P10809|CH60_HUMAN, , , ,V,G,G,T,xS,D,V,E,V,N,E,K,
,,RRRRRsp|O14529|CUX2_HUMAN, , , , , , , ,xS,A,L,A,A,E,L,R,
,,sp|P50991|TCPD_HUMAN, , , , , ,T,V,xT,I,V,V,R, , , ,
,,RRRRRsp|Q9P2D7|DYH1_HUMAN, , , , ,L,T,R,xS,I,R, , , , , ,
,,sp|P25205|MCM3_HUMAN, ,S,E,D,E,S,E,xT,E,D,E,E,E,K, ,
,,sp|O75436|VP26A_HUMAN,A,G,Y,D,P,T,P,xT,M,R, , , , , ,
,,sp|Q9BV79|MECR_HUMAN, , , , , ,G,G,xT,M,V,T,Y,G,G,M,
,,sp|Q9H299|SH3L3_HUMAN, , , , , ,V,Y,xS,T,S,V,T,G,S,R,
,,sp|P39656|OST48_HUMAN, , , , , , , ,xS,S,L,N,P,I,L,F,
,,sp|P62195|PRS8_HUMAN, , ,A,V,A,H,H,xT,D,C,T,F,I,R, ,
,,sp|P06733|ENOA_HUMAN, , , , ,G,N,P,xT,V,E,V,D,L,F,T,
,,sp|P30041|PRDX6_HUMAN, , , , ,R,V,A,xT,P,V,D,W,K, , ,
,,sp|P15531|NDKA_HUMAN,N,I,I,H,G,S,D,xS,V,E,S,A,E,K, ,
,,sp|Q9BVG9|PTSS2_HUMAN,A,G,G,P,R,P,E,xS,P,V,P,A,G,R, ,
,,sp|O60942|MCE1_HUMAN,P,T,T,E,N,T,E,xT,F,I,R, , , , ,
,,sp|Q7L2R6|ZN765_HUMAN, , , , , , , ,xS,K,L,Q,I,H,R, ,
,,sp|P29218|IMPA1_HUMAN, , , , , ,Y,P,xS,H,S,F,I,G,E,E,
,,sp|Q8NBS9|TXND5_HUMAN, , , , ,G,Y,P,xT,L,L,W,F,R, , ,
,,RRRRRsp|O14529|CUX2_HUMAN,L,R,P,G,S,C,L,xT,F,N,V,K, , , ,
,,sp|Q9NY33|DPP3_HUMAN, , , , , , ,F,xS,T,I,A,S,S,Y,E,
,,sp|P06744|G6PI_HUMAN, , , , ,T,F,T,xT,Q,E,T,I,T,N,A,
,,sp|O43684|BUB3_HUMAN, ,T,P,C,N,A,G,xT,F,S,Q,P,E,K, ,
,,sp|O15417|TNC18_HUMAN,G,A,V,E,R,P,L,xT,P,A,P,R, , , ,
,,sp|Q9H1E3|NUCKS_HUMAN,M,L,M,E,D,V,G,xS,E,E,E,Q,E,E,E,
,,sp|O15347|HMGB3_HUMAN, , , , ,R,P,P,xS,G,F,F,L,F, , ,
,,sp|P51610|HCFC1_HUMAN,G,A,P,G,Q,P,G,xT,I,L,R, , , , ,
,,sp|P0DP25|CALM3_HUMAN; sp|P0DP24|CALM2_HUMAN; sp|P0DP23|CALM1_HUMAN, , , , , , ,D,xT,D,S,E,E,E,I,R,
,,sp|Q15029|U5S1_HUMAN, , , , , ,T,A,xT,I,T,E,P,R, , ,
,,sp|Q9Y4P3|TBL2_HUMAN,E,D,G,G,Y,T,F,xT,A,T,P,E,D,F,P,
,,sp|P19338|NUCL_HUMAN, , , , ,V,V,V,xS,P,T,K,K, , , ,
,,sp|P37108|SRP14_HUMAN, , , , , , ,I,xS,T,V,V,S,S,K, ,
,,sp|O60927|PP1RB_HUMAN,F,G,E,S,S,T,E,xS,D,E,E,E,E,E,G,
,,sp|P56556|NDUA6_HUMAN, , , , ,Q,A,T,xS,T,A,S,T,F,V,K,
,,sp|P49585|PCY1A_HUMAN, , , ,E,R,S,P,xS,P,S,F,R, , , ,
,,sp|Q96I25|SPF45_HUMAN, , ,S,P,T,G,P,xS,N,S,F,L,A,N,M,
,,sp|Q7KZI7|MARK2_HUMAN, , , , , , , ,xS,T,F,H,A,G,Q,L,
,,sp|Q2KHR2|RFX7_HUMAN, , , , , , , ,xS,P,T,T,V,L,F,T,
,,sp|P10809|CH60_HUMAN, , , , ,V,G,G,xT,S,D,V,E,V,N,E,
,,sp|P08865|RSSA_HUMAN, , , , , , ,F,xT,P,G,T,F,T,N,Q,
,,sp|P62913|RL11_HUMAN, , ,I,A,V,H,C,xT,V,R, , , , , ,
,,sp|P15880|RS2_HUMAN, , , , , , ,A,xT,F,D,A,I,S,K, ,
,,sp|O75436|VP26A_HUMAN,F,L,A,G,Y,D,P,xT,P,T,M,R, , , ,
,,sp|Q7KZI7|MARK2_HUMAN, , , , , , ,S,xT,F,H,A,G,Q,L,R,
,,sp|Q9UJF2|NGAP_HUMAN, , , ,T,G,G,P,xS,I,R,I,K, , , ,
,,sp|B0I1T2|MYO1G_HUMAN, , , , , , ,G,xS,F,T,L,L,W,P,S,
,,sp|P25787|PSA2_HUMAN, , , , , ,G,Y,xS,F,S,L,T,T,F,S,
,,sp|Q96ST2|IWS1_HUMAN, , , ,A,A,V,L,xS,D,S,E,D,E,E,K,
,,sp|Q9UI08|EVL_HUMAN, ,Y,N,Q,A,T,P,xT,F,H,Q,W,R, , ,
,,sp|Q96KR1|ZFR_HUMAN,A,A,A,A,A,A,A,xT,A,A,W,T,G,T,T,
,,sp|O60942|MCE1_HUMAN,G,H,G,E,C,P,T,xT,E,N,T,E,T,F,I,
,,sp|P53396|ACLY_HUMAN, , , , , ,S,T,xT,L,F,S,R, , , ,
,,sp|Q9UPP1|PHF8_HUMAN, , , ,T,G,S,P,xT,F,V,R, , , , ,
,,sp|Q96KR1|ZFR_HUMAN,A,W,T,G,T,T,F,xT,K, , , , , , ,
,,sp|P62195|PRS8_HUMAN,V,A,H,H,T,D,C,xT,F,I,R, , , , ,
,,sp|O60927|PP1RB_HUMAN, ,A,F,G,E,S,S,xT,E,S,D,E,E,E,E,
,,sp|Q9Y4P3|TBL2_HUMAN, ,R,E,D,G,G,Y,xT,F,T,A,T,P,E,D,
,,sp|Q9NVV0|TM38B_HUMAN, , , ,G,A,G,G,xT,I,I,T,N,F,E,R,
,,sp|Q5SSJ5|HP1B3_HUMAN, , , ,T,R,P,S,xS,T,V,I,K, , , ,
,,tr|K7EKS7|K7EKS7_HUMAN; sp|P35268|RL22_HUMAN, , , , , , ,I,xT,V,T,S,E,V,P,F,
,,sp|Q8IYB3|SRRM1_HUMAN, , , , , ,K,E,xT,E,S,E,A,E,D,N,
,,sp|Q9P258|RCC2_HUMAN, , , , , , ,E,xS,T,M,Y,P,K, , ,
,,sp|Q8IYU2|HACE1_HUMAN; sp|Q96R06|SPAG5_HUMAN; sp|A9Z1Z3|FR1L4_HUMAN; RRRRRsp|Q6ZRV2|FA83H_HUMAN; RRRRRsp|Q12788|TBL3_HUMAN; RRRRRsp|O14492|SH2B2_HUMAN, , , , ,L,T,R,xS,L,R, , , , , ,
,,sp|Q93084|AT2A3_HUMAN; sp|P16615|AT2A2_HUMAN, , , , , , , ,xT,G,T,L,T,T,N,Q,
,,sp|Q86Y56|DAAF5_HUMAN, ,S,A,E,L,V,G,xT,F,V,S,P,E,V,F,
,,sp|P52756|RBM5_HUMAN, ,S,E,D,G,Y,H,xS,D,G,D,Y,G,E,H,
,,sp|Q8IYB3|SRRM1_HUMAN, , , , , ,R,E,xS,P,S,P,A,P,K,P,
,,sp|P07900|HS90A_HUMAN; sp|P08238|HS90B_HUMAN, , , , , , , ,xS,L,T,N,D,W,E,D,
,,sp|P35249|RFC4_HUMAN, , , , , , ,G,xT,S,I,S,T,K,P,P,
,,sp|Q8IZL8|PELP1_HUMAN, , ,G,S,P,D,G,xS,L,Q,T,G,K,P,S,
,,sp|Q01130|SRSF2_HUMAN, , , , , ,S,R,xS,P,P,P,V,S,K, ,
,,sp|Q14137|BOP1_HUMAN,D,E,Y,A,E,D,S,xS,D,E,E,D,I,R, ,
,,sp|P21439|MDR3_HUMAN; sp|P08183|MDR1_HUMAN, , , , , ,F,D,xT,L,V,G,E,R, , ,
,,sp|P07686|HEXB_HUMAN, , , ,L,A,P,G,xT,I,V,E,V,W,K, ,
,,sp|P07814|SYEP_HUMAN, , ,A,I,Q,G,G,xT,S,H,H,L,G,Q,N,
,,sp|Q9Y277|VDAC3_HUMAN, ,V,C,N,Y,G,L,xT,F,T,Q,K, , , ,
,,sp|Q00839|HNRPU_HUMAN, , , ,S,S,G,P,xT,S,L,F,A,V,T,V,
,,sp|P62753|RS6_HUMAN; RRRRRsp|Q9Y5G2|PCDGE_HUMAN; sp|Q5H9U9|DDX6L_HUMAN; sp|Q8TCT7|SPP2B_HUMAN; RRRRRsp|Q9Y471|CMAH_HUMAN; RRRRRsp|Q9HAU5|RENT2_HUMAN, , , , , , , ,xT,F,Y,E,K, , , ,
,,sp|P62805|H4_HUMAN, , , , ,D,A,V,xT,Y,T,E,H,A,K, ,
,,sp|Q9Y678|COPG1_HUMAN; sp|Q9UBF2|COPG2_HUMAN, ,E,L,A,P,A,V,xS,V,L,Q,L,F,C,S,
,,sp|O75534|CSDE1_HUMAN, , , , , ,E,A,xT,F,S,N,P,K, , ,
,,sp|P62263|RS14_HUMAN, , ,A,S,F,N,D,xT,F,V,H,V,T,D,L,
,,sp|P49406|RM19_HUMAN, , , ,G,L,G,A,xT,F,I,L,R, , , ,
,,sp|P51692|STA5B_HUMAN; sp|P42229|STA5A_HUMAN, , , , , , ,A,xT,I,I,S,E,Q,Q,A,
,,sp|Q9C0C9|UBE2O_HUMAN, ,L,I,H,G,E,D,xS,D,S,E,G,E,E,E,
,,sp|Q9NY61|AATF_HUMAN, ,G,M,D,D,L,G,xS,S,E,E,E,E,D,E,
,,sp|P06733|ENOA_HUMAN, , , ,A,A,V,P,xS,G,A,S,T,G,I,Y,
,,sp|Q7Z4V5|HDGR2_HUMAN,S,S,S,S,D,S,D,xS,D,E,V,D,R, , ,
,,sp|Q00839|HNRPU_HUMAN, , , , , , , ,xT,T,W,V,T,K, , ,
,,sp|Q7Z4V5|HDGR2_HUMAN,P,E,R,P,P,S,S,xS,S,S,D,S,D,S,D,
,,sp|P40926|MDHM_HUMAN, ,E,G,V,V,E,C,xS,F,V,K, , , , ,
,,sp|Q9BXY0|MAK16_HUMAN,Q,Q,E,A,E,S,D,xS,S,D,T,E,E,K,D,
,,sp|O75044|SRGP2_HUMAN; sp|P0DMP2|SRG2B_HUMAN; sp|P0DJJ0|SRG2C_HUMAN, , , , , , , ,xS,P,D,S,T,A,N,V,
,,sp|P51531|SMCA2_HUMAN, , , , , , , ,xS,D,S,E,E,S,D,S,
,,sp|P51532|SMCA4_HUMAN,P,V,V,S,D,D,D,xS,E,E,E,Q,E,E,D,
,,sp|Q15185|TEBP_HUMAN, , , , , , , ,xS,I,L,C,C,L,R, ,
,,sp|Q07020|RL18_HUMAN, , , , , ,T,N,xS,T,F,N,Q,V,V,L,
,,sp|Q9BWS9|CHID1_HUMAN, , , ,N,V,L,D,xS,E,D,E,I,E,E,L,
,,sp|P54105|ICLN_HUMAN,A,D,E,E,E,E,D,xS,D,D,D,V,E,P,I,
,,sp|Q13111|CAF1A_HUMAN,P,S,T,T,Y,L,H,xT,P,T,P,S,E,D,A,
,,sp|Q9Y2M5|KLH20_HUMAN, , , ,L,P,L,L,xS,P,K, , , , , ,
,,sp|Q9HCN4|GPN1_HUMAN,E,E,D,E,E,A,D,xS,D,T,D,D,I,D,H,
,,sp|Q7Z4V5|HDGR2_HUMAN,R,P,P,S,S,S,S,xS,D,S,D,S,D,E,V,
,,sp|Q9H4L5|OSBL3_HUMAN, ,A,L,V,H,Q,L,xS,N,E,S,R, , , ,
,,sp|Q9Y2W1|TR150_HUMAN, , , , , , , ,xS,P,L,Q,S,V,V,V,
,,sp|P11021|BIP_HUMAN, , , , , , ,I,xT,I,T,N,D,Q,N,R,
,,sp|Q9Y2K6|UBP20_HUMAN,A,V,A,D,E,G,E,xS,E,S,E,D,D,D,L,
,,sp|P53396|ACLY_HUMAN, , , , , ,T,A,xS,F,S,E,S,R, , ,
,,sp|P14866|HNRPL_HUMAN; tr|M0QYT0|M0QYT0_HUMAN, , , , , , ,S,xS,S,G,L,L,E,W,E,
,,sp|P61956|SUMO2_HUMAN; sp|Q6EEV6|SUMO4_HUMAN; sp|P55854|SUMO3_HUMAN, ,V,A,G,Q,D,G,xS,V,V,Q,F,K, , ,
,,sp|P51784|UBP11_HUMAN, , ,D,G,H,Y,T,xT,F,A,C,N,K, , ,
,,sp|P19338|NUCL_HUMAN, , , , , , , ,xS,G,E,E,V,V,I,P,
,,sp|Q9Y2W1|TR150_HUMAN, , , , , ,M,D,xS,F,D,E,D,L,A,R,
,,sp|Q92572|AP3S1_HUMAN, , , , , , ,E,xT,F,H,L,V,S,K, ,
,,sp|O95671|ASML_HUMAN,A,D,T,F,E,D,L,xS,D,V,E,G,G,G,S,
,,sp|Q15047|SETB1_HUMAN, , , , , , ,G,xS,F,V,C,I,Y,A,G,
,,sp|P49959|MRE11_HUMAN, , , , ,G,N,D,xT,F,V,T,L,D,E,I,
,,sp|O00767|ACOD_HUMAN, , , , , ,G,S,xT,L,D,L,S,D,L,E,
,,sp|O15530|PDPK1_HUMAN, , , , , ,Q,V,xS,S,S,S,S,S,H,S,
,,sp|P35659|DEK_HUMAN, , ,N,K,E,E,S,xS,D,D,E,D,K,E,S,
,,sp|P07910|HNRPC_HUMAN,S,E,G,G,A,D,D,xS,A,E,E,G,D,L,L,
,,sp|Q9NXG2|THUM1_HUMAN, , , , , , ,G,xT,F,Q,I,V,Y,K, ,
,,sp|O95218|ZRAB2_HUMAN, , , , , , ,E,xS,E,G,E,E,E,D,E,
,,sp|P17844|DDX5_HUMAN, , , , , , , ,xT,I,V,F,V,E,T,K,
,,sp|Q5VT52|RPRD2_HUMAN,D,V,E,D,M,E,L,xS,D,V,E,D,D,G,S,
,,sp|P47712|PA24A_HUMAN,H,I,V,S,N,D,S,xS,D,S,D,D,E,S,H,
,,sp|Q02790|FKBP4_HUMAN, , , , , ,E,G,xT,G,T,E,M,P,M,I,
,,sp|Q13769|THOC5_HUMAN,E,D,S,Q,D,D,E,xS,D,S,D,A,E,E,E,
,,sp|Q8N7H5|PAF1_HUMAN,D,S,E,D,D,A,D,xS,D,D,E,D,R, , ,
,,sp|Q16539|MK14_HUMAN, , , , , , , ,xT,I,W,E,V,P,E,R,
,,sp|O94903|PLPHP_HUMAN, , , , , ,G,S,xT,I,F,G,E,R, , ,
,,sp|P51531|SMCA2_HUMAN,P,V,V,S,D,F,D,xS,D,E,E,Q,D,E,R,
,,sp|Q9BXY0|MAK16_HUMAN,L,E,Q,Q,E,A,E,xS,D,S,S,D,T,E,E,
,,sp|Q9UNZ2|NSF1C_HUMAN, , , , , , , ,xS,P,N,E,L,V,D,D,
,,sp|P06748|NPM_HUMAN, , , , ,D,A,E,xS,E,D,E,E,E,E,D,
,,sp|Q06830|PRDX1_HUMAN, , , , , ,D,I,xS,L,S,D,Y,K, , ,
,,sp|Q9UQ80|PA2G4_HUMAN,E,D,E,Q,Q,E,Q,xT,I,A,E,D,L,V,V,
,,sp|P60484|PTEN_HUMAN, ,Y,S,D,T,T,D,xS,D,P,E,N,E,P,F,
,,sp|P60484|PTEN_HUMAN, , , ,Y,S,D,T,xT,D,S,D,P,E,N,E,
,,sp|P0DP25|CALM3_HUMAN; sp|P0DP24|CALM2_HUMAN; sp|P0DP23|CALM1_HUMAN, ,D,G,N,G,Y,I,xS,A,A,E,L,R, , ,
,,sp|O96018|APBA3_HUMAN, , , , , , , ,xS,P,S,G,P,P,A,M,
,,sp|O95714|HERC2_HUMAN,P,S,A,E,D,S,D,xT,E,D,D,S,E,A,E,
,,sp|Q01081|U2AF1_HUMAN; sp|P0DN76|U2AF5_HUMAN; tr|M0R2N4|M0R2N4_HUMAN; sp|Q8WU68|U2AF4_HUMAN, , , , ,V,N,C,xS,F,Y,F,K, , , ,
,,sp|O15530|PDPK1_HUMAN, , , , , , , ,xS,L,S,A,S,D,T,G,
,,sp|Q96D46|NMD3_HUMAN,D,S,A,I,P,V,E,xS,D,T,D,D,E,G,A,
,,sp|Q9ULH1|ASAP1_HUMAN, ,Q,E,E,I,D,E,xS,D,D,D,L,D,D,K,
,,sp|Q8IYB3|SRRM1_HUMAN, , , , , , , ,xS,P,S,P,P,P,T,R,
,,sp|Q96T23|RSF1_HUMAN, , , , , ,I,E,xS,D,E,E,E,D,F,E,
,,sp|P19338|NUCL_HUMAN, , , , , , , ,xS,I,S,L,Y,Y,T,G,
,,sp|O00629|IMA3_HUMAN,H,E,D,I,C,E,D,xS,D,I,D,G,D,Y,R,
,,sp|Q6ZUV0|BACHL_HUMAN; sp|O00154|BACH_HUMAN, , , , , , ,M,xT,F,T,S,N,K, , ,
,,sp|P42224|STAT1_HUMAN, , ,D,Q,Q,P,G,xT,F,L,L,R, , , ,
,,sp|Q15459|SF3A1_HUMAN,E,V,E,M,E,V,E,xS,D,E,E,D,D,K,Q,
,,sp|Q15185|TEBP_HUMAN, , ,D,W,E,D,D,xS,D,E,D,M,S,N,F,
,,sp|P11142|HSP7C_HUMAN, , ,S,T,A,G,D,xT,H,L,G,G,E,D,F,
,,sp|O00170|AIP_HUMAN, , , , , , , ,xT,L,H,S,D,D,E,G,
,,sp|Q96N64|PWP2A_HUMAN, , , , , , , ,xS,P,E,A,V,G,P,E,
,,sp|Q9NWQ4|GPT2L_HUMAN, , , , , , , ,xS,P,S,S,E,W,L,V,
,,sp|P60709|ACTB_HUMAN; sp|P63261|ACTG_HUMAN, , , , , , , ,xS,Y,E,L,P,D,G,Q,
,,sp|O15164|TIF1A_HUMAN, , , , , , , ,xS,P,L,H,V,G,E,T,
,,sp|Q9UN86|G3BP2_HUMAN,E,P,E,L,D,E,E,xS,E,D,E,V,E,E,E,
,,sp|O43719|HTSF1_HUMAN, ,E,L,E,E,N,D,xS,E,N,S,E,F,E,D,
,,sp|P18858|DNLI1_HUMAN,Q,E,V,L,E,E,Q,xS,E,D,E,D,R, , ,
,,sp|P08238|HS90B_HUMAN, , , , , ,D,N,xS,T,M,G,Y,M,M,A,
,,sp|Q86SQ4|AGRG6_HUMAN, , , , , , , ,xS,L,E,D,E,P,R, ,
,,sp|Q7Z4V5|HDGR2_HUMAN,E,R,P,P,S,S,S,xS,S,D,S,D,S,D,E,
,,sp|Q8WVT3|TPC12_HUMAN, , , , , , , ,xS,P,S,F,G,G,A,S,
,,sp|Q9H6Z4|RANB3_HUMAN, , , , , , , ,xS,P,S,E,A,A,D,E,
,,sp|Q9BW71|HIRP3_HUMAN, , , ,L,L,G,D,xS,D,S,E,E,E,Q,K,
,,sp|Q13442|HAP28_HUMAN,K,S,L,D,S,D,E,xS,E,D,E,E,D,D,Y,
,,sp|Q16666|IF16_HUMAN, , , , , , ,G,xS,F,V,N,G,V,F,E,
,,sp|P11388|TOP2A_HUMAN, , , , , , , ,xS,F,G,S,T,C,Q,L,
,,sp|O15530|PDPK1_HUMAN,S,S,S,S,H,S,L,xS,A,S,D,T,G,L,P,
,,sp|Q6KC79|NIPBL_HUMAN, , , ,V,D,S,D,xS,D,S,D,S,E,D,D,
,,sp|Q7Z4V5|HDGR2_HUMAN,P,K,P,E,R,P,P,xS,S,S,S,S,D,S,D,
,,sp|Q8IYB3|SRRM1_HUMAN, , , ,S,R,S,P,xS,P,A,P,E,K, , ,
,,RRRRRsp|Q9H7J1|PPR3E_HUMAN,G,G,G,G,A,P,A,xS,R, , , , , , ,
,,sp|Q7Z4V5|HDGR2_HUMAN,K,P,E,R,P,P,S,xS,S,S,S,D,S,D,S,
,,sp|Q9P2I0|CPSF2_HUMAN, , ,E,A,D,I,D,xS,S,D,E,S,D,I,E,
,,sp|P19338|NUCL_HUMAN, , , , , , ,E,xS,F,D,G,S,V,R, ,
,,sp|Q16778|H2B2E_HUMAN; sp|P33778|H2B1B_HUMAN; sp|P23527|H2B1O_HUMAN; sp|P06899|H2B1J_HUMAN; sp|Q8N257|H2B3B_HUMAN; sp|Q6DRA6|H2B2D_HUMAN; sp|Q6DN03|H2B2C_HUMAN, , , , , , ,E,xS,Y,S,I,Y,V,Y,K,
,,sp|Q9BWU0|NADAP_HUMAN, , , , , , ,G,xT,S,Y,C,L,F,G,R,
,,sp|O00571|DDX3X_HUMAN, , , , , , ,S,xS,F,F,S,D,R, , ,
,,sp|P55010|IF5_HUMAN, ,E,A,E,E,E,S,xS,G,G,E,E,E,D,E,
,,sp|P23193|TCEA1_HUMAN, , , , , , ,D,xT,Y,V,S,S,F,P,R,
,,sp|P51531|SMCA2_HUMAN, , , , , ,S,D,xS,E,E,S,D,S,D,Y,
,,sp|P51531|SMCA2_HUMAN,E,E,E,S,E,D,E,xS,N,E,E,E,E,E,E,
,,sp|P62805|H4_HUMAN,S,G,L,I,Y,E,E,xT,R, , , , , , ,
,,sp|Q8NFC6|BD1L1_HUMAN, , , ,Y,Y,S,D,xS,D,D,E,L,T,V,E,
,,sp|P06454|PTMA_HUMAN,D,A,A,V,D,T,S,xS,E,I,T,T,K, , ,
,,sp|Q9H307|PININ_HUMAN, , , , , ,Q,E,xS,D,P,E,D,D,D,V,
,,sp|Q9Y3X0|CCDC9_HUMAN, , , , , , , ,xS,P,G,T,P,R,P,P,
,,sp|Q15653|IKBB_HUMAN,S,G,P,C,S,S,S,xS,D,S,D,S,G,D,E,
,,sp|O94826|TOM70_HUMAN, , , ,N,V,D,L,xS,T,F,Y,Q,N,R, ,
,,sp|Q99733|NP1L4_HUMAN,V,E,P,T,D,A,E,xS,E,W,H,S,E,N,E,
,,sp|Q7L1Q6|BZW1_HUMAN, , ,N,A,E,E,E,xS,E,S,E,A,E,E,G,
,,sp|Q71U36|TBA1A_HUMAN; sp|P68363|TBA1B_HUMAN; sp|Q9BQE3|TBA1C_HUMAN, , , , , , , ,xT,I,G,G,G,D,D,S,
,,sp|O60841|IF2P_HUMAN, ,I,N,S,S,G,E,xS,G,D,E,S,D,E,F,
,,sp|Q5T0Z8|CF132_HUMAN, , , , , , ,S,xS,A,A,F,P,P,K, ,
,,sp|Q9UK45|LSM7_HUMAN, , , , , , ,E,xS,I,L,D,L,S,K, ,
,,sp|Q9Y6I3|EPN1_HUMAN, , , , , , , ,xS,P,G,A,F,D,M,S,
,,sp|Q14978|NOLC1_HUMAN,S,S,D,S,E,D,S,xS,E,E,E,E,E,V,Q,
,,sp|Q14444|CAPR1_HUMAN, , , , , , , ,xS,F,M,A,L,S,Q,D,
,,sp|Q7Z4V5|HDGR2_HUMAN,P,S,S,S,S,S,D,xS,D,S,D,E,V,D,R,
,,sp|O15530|PDPK1_HUMAN,S,S,S,S,S,S,H,xS,L,S,A,S,D,T,G,
,,sp|P04075|ALDOA_HUMAN, , , ,A,L,A,N,xS,L,A,C,Q,G,K, ,
,,sp|O43310|CTIF_HUMAN, , , , , , , ,xS,P,D,T,L,A,P,V,
,,sp|Q13769|THOC5_HUMAN,L,F,K,P,P,E,D,xS,Q,D,D,E,S,D,S,
,,sp|P51858|HDGF_HUMAN, , ,G,N,A,E,G,xS,S,D,E,E,G,K,L,
,,sp|Q9Y5J1|UTP18_HUMAN, , , , , , , ,xT,S,S,D,D,E,S,E,
,,sp|Q96HE9|PRR11_HUMAN; tr|J3QRE1|J3QRE1_HUMAN, , , , , , , ,xS,P,G,G,T,P,L,T,
,,sp|Q8TBC4|UBA3_HUMAN, ,I,Q,D,F,N,D,xT,F,Y,R, , , , ,
,,sp|O60841|IF2P_HUMAN, , , , , ,I,N,xS,S,G,E,S,G,D,E,
,,sp|Q8NFC6|BD1L1_HUMAN, , , , , ,Y,Y,xS,D,S,D,D,E,L,T,
,,sp|P52756|RBM5_HUMAN, ,G,L,V,A,A,Y,xS,G,D,S,D,N,E,E,
,,sp|Q92797|SYMPK_HUMAN, , , , ,S,P,Q,xT,L,A,P,V,G,E,D,
,,sp|P40227|TCPZ_HUMAN, , , , , , ,E,xT,L,I,D,V,A,R, ,
,,sp|Q9Y5B6|PAXB1_HUMAN, ,E,D,E,N,D,A,xS,D,D,E,D,D,D,E,
,,sp|Q6KC79|NIPBL_HUMAN, ,V,D,S,D,S,D,xS,D,S,E,D,D,I,N,
,,sp|Q9P2I0|CPSF2_HUMAN,D,I,D,S,S,D,E,xS,D,I,E,E,D,I,D,
,,sp|P49915|GUAA_HUMAN, , , ,I,I,G,D,xT,F,V,K, , , , ,
,,sp|P14866|HNRPL_HUMAN; tr|M0QYT0|M0QYT0_HUMAN, , , , , ,S,S,xS,G,L,L,E,W,E,S,
,,sp|P51531|SMCA2_HUMAN,S,D,S,E,E,S,D,xS,D,Y,E,E,E,D,E,
,,sp|Q15653|IKBB_HUMAN,S,S,S,S,D,S,D,xS,G,D,E,G,D,E,Y,
,,sp|Q5VUA4|ZN318_HUMAN, , , , , , , ,xS,P,T,V,L,C,Q,K,
,,sp|O43719|HTSF1_HUMAN,E,E,N,D,S,E,N,xS,E,F,E,D,D,G,S,
,,sp|P25205|MCM3_HUMAN, , , , , ,A,G,xT,V,V,L,D,D,V,E,
,,sp|Q7L1Q6|BZW1_HUMAN,N,A,E,E,E,S,E,xS,E,A,E,E,G,D, ,
,,sp|P49736|MCM2_HUMAN, , ,G,L,L,Y,D,xS,D,E,E,D,E,E,R,
,,sp|O60341|KDM1A_HUMAN, , , , , ,S,T,xS,Q,T,F,I,Y,K, ,
,,sp|O00170|AIP_HUMAN, , , , ,T,L,H,xS,D,D,E,G,T,V,L,
,,sp|Q15653|IKBB_HUMAN, ,S,G,P,C,S,S,xS,S,D,S,D,S,G,D,
,,sp|Q9Y5J1|UTP18_HUMAN, , , , , , ,T,xS,S,D,D,E,S,E,E,
,,sp|P25205|MCM3_HUMAN,D,P,Y,D,F,S,D,xT,E,E,E,M,P,Q,V,
,,sp|Q9Y5B6|PAXB1_HUMAN,R,E,D,E,N,D,A,xS,D,D,E,D,D,D,E,
,,sp|Q15785|TOM34_HUMAN, ,V,L,Q,A,Q,G,xS,S,D,P,E,E,E,S,
,,sp|Q9BW71|HIRP3_HUMAN,G,S,T,S,G,E,E,xS,D,L,E,R, , , ,
,,sp|P19338|NUCL_HUMAN, , , ,V,E,E,D,xS,E,D,E,E,M,S,E,
,,sp|Q14978|NOLC1_HUMAN,S,S,S,D,S,E,D,xS,S,E,E,E,E,E,V,
,,sp|P41250|GARS_HUMAN,A,A,A,Q,I,G,N,xS,F,R, , , , , ,
,,sp|P06748|NPM_HUMAN, , , , , , , ,xS,E,D,E,E,E,E,D,
,,sp|Q6UN15|FIP1_HUMAN; tr|A0A0B4J203|A0A0B4J203_HUMAN,E,T,E,D,D,S,D,xS,D,S,D,D,D,E,D,
,,sp|P25205|MCM3_HUMAN,S,Y,D,P,Y,D,F,xS,D,T,E,E,E,M,P,
,,sp|Q9HC44|GPBL1_HUMAN, , , , , ,S,P,xT,A,T,F,E,K, , ,
,,sp|P19338|NUCL_HUMAN, , , , , , , ,xT,G,I,S,D,V,F,A,
,,sp|Q9P2I0|CPSF2_HUMAN, ,E,A,D,I,D,S,xS,D,E,S,D,I,E,E,
,,sp|P07900|HS90A_HUMAN,P,E,I,E,D,V,G,xS,D,E,E,E,E,K, ,
,,sp|P55010|IF5_HUMAN, , ,E,A,E,E,E,xS,S,G,G,E,E,E,D,
,,sp|P52788|SPSY_HUMAN, , , , , ,N,G,xS,F,A,N,L,R, , ,
,,sp|Q99618|CDCA3_HUMAN, , , , , , , ,xS,P,T,L,G,I,A,R,
,,sp|O00499|BIN1_HUMAN, , , , , , , ,xS,P,P,D,G,S,P,A,
,,RRRRRsp|Q9P2D6|F135A_HUMAN, , , , , , , ,xS,Q,L,V,P,R, , ,
,,sp|Q8IYB3|SRRM1_HUMAN, , , , , ,S,P,xS,A,S,P,P,R, , ,
,,sp|P11388|TOP2A_HUMAN, , , , ,S,F,G,xS,T,C,Q,L,S,E,K,
,,sp|P55197|AF10_HUMAN, , , , , , , ,xS,P,V,S,S,L,Q,I,
,,sp|Q53T59|H1BP3_HUMAN, , , , , , , ,xS,P,G,A,A,G,L,T,
,,sp|Q6UN15|FIP1_HUMAN; tr|A0A0B4J203|A0A0B4J203_HUMAN,V,T,E,T,E,D,D,xS,D,S,D,S,D,D,D,
,,sp|Q9NWQ4|GPT2L_HUMAN, , , , , ,S,P,xS,S,E,W,L,V,R, ,
,,sp|Q8IUR0|TPPC5_HUMAN, , , , , , , ,xT,F,Y,I,I,E,R, ,
,,tr|A0A2R8Y422|A0A2R8Y422_HUMAN; sp|P62987|RL40_HUMAN; sp|P62979|RS27A_HUMAN; sp|P0CG48|UBC_HUMAN; sp|P0CG48|UBC_HUMAN; sp|P0CG48|UBC_HUMAN; sp|P0CG48|UBC_HUMAN; sp|P0CG48|UBC_HUMAN; sp|P0CG48|UBC_HUMAN; sp|P0CG48|UBC_HUMAN; sp|P0CG48|UBC_HUMAN; sp|P0CG48|UBC_HUMAN; sp|P0CG47|UBB_HUMAN; sp|P0CG47|UBB_HUMAN; sp|P0CG47|UBB_HUMAN, , , , , , , ,xT,L,S,D,Y,N,I,Q,
,,sp|Q9BXY0|MAK16_HUMAN,Q,E,A,E,S,D,S,xS,D,T,E,E,K,D,D,
,,sp|P25054|APC_HUMAN, , , , , , , ,xS,P,T,G,N,T,P,P,
,,sp|Q9BPX3|CND3_HUMAN,C,E,G,T,E,I,N,xS,D,D,E,Q,E,S,K,
,,sp|P51531|SMCA2_HUMAN, , ,S,D,S,E,E,xS,D,S,D,Y,E,E,E,
,,sp|P14625|ENPL_HUMAN, , , , , , , ,xT,F,E,I,N,P,R, ,
,,sp|Q9NWQ8|PHAG1_HUMAN,A,E,F,A,E,Y,A,xS,V,D,R, , , , ,
,,sp|Q99618|CDCA3_HUMAN, , , , , , , ,xS,P,S,A,G,I,L,R,
,,sp|Q9BXY0|MAK16_HUMAN,A,E,S,D,S,S,D,xT,E,E,K,D,D,D,D,
,,sp|Q13523|PRP4B_HUMAN, , , , , , , ,xS,P,V,D,L,R, , ,
,,sp|Q15785|TOM34_HUMAN,V,L,Q,A,Q,G,S,xS,D,P,E,E,E,S,V,
,,tr|A0A1W2PNV4|A0A1W2PNV4_HUMAN, , , , ,G,C,L,xT,F,V,S,K, , , ,
,,sp|Q8IX90|SKA3_HUMAN, ,A,L,D,G,E,E,xS,D,F,E,D,Y,P,M,
,,sp|Q9NSD9|SYFB_HUMAN, , , ,D,R,Y,D,xS,F,I,E,L,Q,E,K,
,,RRRRRsp|Q9NQ90|ANO2_HUMAN, , , , , , , ,xT,R,V,A,D,P,R, ,
,,sp|Q15459|SF3A1_HUMAN, , , , , ,T,A,xS,F,V,A,R, , , ,
,,sp|Q15653|IKBB_HUMAN, , , , , , , ,xS,G,P,C,S,S,S,S,
,,sp|P14866|HNRPL_HUMAN; tr|M0QYT0|M0QYT0_HUMAN, , , , , , , ,xS,S,S,G,L,L,E,W,
,,sp|O00767|ACOD_HUMAN, , , , , , ,G,xS,T,L,D,L,S,D,L,
,,sp|Q99733|NP1L4_HUMAN,I,T,G,D,V,E,P,xT,D,A,E,S,E,W,H,
,,sp|Q12904|AIMP1_HUMAN, , , , , ,A,Q,xT,M,S,N,S,G,I,K,
,,sp|P41212|ETV6_HUMAN, , , , , , , ,xS,P,L,D,N,M,I,R,
,,sp|Q09028|RBBP4_HUMAN; sp|Q16576|RBBP7_HUMAN, , , , , , , ,xT,V,A,L,W,D,L,R,
,,sp|P53999|TCP4_HUMAN, , , , ,E,Q,I,xS,D,I,D,D,A,V,R,
,,sp|Q15723|ELF2_HUMAN, , , , , , , ,xS,P,T,T,T,A,S,V,
,,sp|Q13435|SF3B2_HUMAN,K,D,S,D,D,D,S,xS,D,D,E,Q,E,K, ,
,,tr|A0A2R8Y422|A0A2R8Y422_HUMAN; sp|P62987|RL40_HUMAN; sp|P62979|RS27A_HUMAN; sp|P0CG48|UBC_HUMAN; sp|P0CG48|UBC_HUMAN; sp|P0CG48|UBC_HUMAN; sp|P0CG48|UBC_HUMAN; sp|P0CG48|UBC_HUMAN; sp|P0CG48|UBC_HUMAN; sp|P0CG48|UBC_HUMAN; sp|P0CG48|UBC_HUMAN; sp|P0CG48|UBC_HUMAN; sp|P0CG47|UBB_HUMAN; sp|P0CG47|UBB_HUMAN; sp|P0CG47|UBB_HUMAN, , , , , ,T,L,xS,D,Y,N,I,Q,K, ,
,,sp|O15530|PDPK1_HUMAN, , , , ,Q,V,S,xS,S,S,S,S,H,S,L,
,,sp|Q9BVC4|LST8_HUMAN, , , , , , , ,xT,V,Q,H,Q,D,S,Q,
,,sp|P05023|AT1A1_HUMAN; tr|A0A2R8YEY8|A0A2R8YEY8_HUMAN; sp|P50993|AT1A2_HUMAN; sp|P13637|AT1A3_HUMAN; sp|P20648|ATP4A_HUMAN, , , , , ,T,G,xT,L,T,Q,N,R, , ,
,,RRRRRsp|Q8IWI9|MGAP_HUMAN, , , , ,G,A,S,xS,P,S,A,G,S,N,G,
,,sp|Q9UN86|G3BP2_HUMAN,E,D,E,V,F,G,D,xS,E,P,E,L,D,E,E,
,,sp|Q15653|IKBB_HUMAN,P,C,S,S,S,S,D,xS,D,S,G,D,E,G,D,
,,sp|P51398|RT29_HUMAN, , , , , , ,N,xT,S,F,A,Y,P,A,I,
,,sp|P07900|HS90A_HUMAN, , , , ,D,N,S,xT,M,G,Y,M,A,A,K,
,,sp|P25788|PSA3_HUMAN,S,L,K,E,E,D,E,xS,D,D,D,N,M, , ,
,,sp|P09211|GSTP1_HUMAN, , , , , , ,A,xS,C,L,Y,G,Q,L,P,
,,sp|P35659|DEK_HUMAN, , , ,N,K,E,E,xS,S,D,D,E,D,K,E,
,,sp|O60343|TBCD4_HUMAN, , , , , ,S,P,xS,A,M,Q,Q,Q,D,G,
,,sp|Q14498|RBM39_HUMAN, , , , , , , ,xS,P,Y,S,G,P,K, ,
,,sp|Q9Y5J1|UTP18_HUMAN, , , , , ,T,S,xS,D,D,E,S,E,E,D,
,,sp|Q99880|H2B1L_HUMAN; sp|Q99879|H2B1M_HUMAN; sp|Q99877|H2B1N_HUMAN; sp|Q93079|H2B1H_HUMAN; sp|P62807|H2B1C_HUMAN; sp|P58876|H2B1D_HUMAN; sp|O60814|H2B1K_HUMAN; sp|Q5QNW6|H2B2F_HUMAN; sp|P57053|H2BFS_HUMAN; sp|Q16778|H2B2E_HUMAN; sp|P33778|H2B1B_HUMAN; sp|P23527|H2B1O_HUMAN; sp|P06899|H2B1J_HUMAN; sp|Q8N257|H2B3B_HUMAN, , , , , , , ,xS,F,V,N,D,I,F,E,
,,sp|Q08945|SSRP1_HUMAN,S,Y,D,E,Y,A,D,xS,D,E,D,Q,H,D,A,
,,sp|O95714|HERC2_HUMAN,L,P,A,A,A,Q,P,xS,A,E,D,S,D,T,E,
,,sp|P08238|HS90B_HUMAN, , ,N,P,D,D,I,xT,Q,E,E,Y,G,E,F,
,,sp|P35579|MYH9_HUMAN, ,K,G,A,G,D,G,xS,D,E,E,V,D,G,K,
,,sp|O15530|PDPK1_HUMAN,Q,V,S,S,S,S,S,xS,H,S,L,S,A,S,D,
,,sp|P07910|HNRPC_HUMAN, , , , , ,M,E,xS,E,G,G,A,D,D,S,
,,sp|Q15233|NONO_HUMAN, , , , , , , ,xT,F,N,L,E,K, , ,
,,sp|Q96D46|NMD3_HUMAN,A,I,P,V,E,S,D,xT,D,D,E,G,A,P,R,
,,sp|O95714|HERC2_HUMAN,A,Q,P,S,A,E,D,xS,D,T,E,D,D,S,E,
,,sp|Q96EY8|MMAB_HUMAN, , , , ,G,F,S,xS,T,F,T,G,E,R, ,
,,sp|P0DP25|CALM3_HUMAN; sp|P0DP24|CALM2_HUMAN; sp|P0DP23|CALM1_HUMAN, , , , ,D,T,D,xS,E,E,E,I,R, , ,
,,sp|O60841|IF2P_HUMAN, , , , ,I,N,S,xS,G,E,S,G,D,E,S,
,,sp|Q14676|MDC1_HUMAN, , , , ,D,S,D,xT,D,V,E,E,E,E,L,
,,sp|P06748|NPM_HUMAN, , , , , , ,E,xS,E,D,E,E,E,E,D,
,,sp|P47712|PA24A_HUMAN,V,S,N,D,S,S,D,xS,D,D,E,S,H,E,P,
,,sp|P20674|COX5A_HUMAN, , , , ,G,I,N,xT,L,V,T,Y,D,M,V,
,,sp|Q5T200|ZC3HD_HUMAN, , , , , , , ,xS,P,S,H,L,T,E,D,
,,sp|Q99733|NP1L4_HUMAN,D,A,E,S,E,W,H,xS,E,N,E,E,E,E,K,
,,sp|P51398|RT29_HUMAN, , , , , ,N,T,xS,F,A,Y,P,A,I,R,
,,sp|P62280|RS11_HUMAN, , , , , ,Q,P,xT,I,F,Q,N,K, , ,
,,sp|Q7L2H7|EIF3M_HUMAN, , , , , ,W,I,xS,D,W,N,L,T,T,E,
,,sp|Q9UQ80|PA2G4_HUMAN, , , , , , , ,xT,I,I,Q,N,P,T,D,
,,sp|Q13769|THOC5_HUMAN,S,Q,D,D,E,S,D,xS,D,A,E,E,E,Q,T,
,,sp|Q14676|MDC1_HUMAN, , , , , , ,D,xS,D,T,D,V,E,E,E,
,,sp|P01911|2B1F_HUMAN; sp|P04440|DPB1_HUMAN, , , , , ,F,D,xS,D,V,G,E,F,R, ,
,,sp|Q5H9R7|PP6R3_HUMAN,Q,Q,F,D,D,G,G,xS,D,E,E,D,I,W,E,
,,sp|P36578|RL4_HUMAN, ,L,D,E,L,Y,G,xT,W,R, , , , , ,
,,sp|Q08945|SSRP1_HUMAN, , ,E,G,M,N,P,xS,Y,D,E,Y,A,D,S,
,,sp|P49585|PCY1A_HUMAN, , , , , , , ,xS,P,S,P,S,F,R, ,
,,sp|Q15653|IKBB_HUMAN, , ,S,G,P,C,S,xS,S,S,D,S,D,S,G,
,,sp|Q53EZ4|CEP55_HUMAN, , , , , , , ,xS,P,T,A,A,L,N,E,
,,sp|P51531|SMCA2_HUMAN, , ,A,K,P,V,V,xS,D,F,D,S,D,E,E,
,,sp|Q13111|CAF1A_HUMAN, , , , ,S,P,S,xT,T,Y,L,H,T,P,T,
,,sp|Q9BVC4|LST8_HUMAN, ,T,V,Q,H,Q,D,xS,Q,V,N,A,L,E,V,
,,sp|P07900|HS90A_HUMAN, , ,N,P,D,D,I,xT,N,E,E,Y,G,E,F,
,,sp|O15530|PDPK1_HUMAN, ,Q,V,S,S,S,S,xS,S,H,S,L,S,A,S,
,,sp|Q01543|FLI1_HUMAN, , , , , , , ,xS,P,P,L,G,G,A,Q,
,,sp|P29692|EF1D_HUMAN,D,D,I,D,L,F,G,xS,D,N,E,E,E,D,K,
,,sp|P46776|RL27A_HUMAN, , , , , ,N,Q,xS,F,C,P,T,V,N,L,
,,sp|Q9NYB0|TE2IP_HUMAN, , , , , , , ,xS,P,S,S,V,T,G,N,
,,sp|P08238|HS90B_HUMAN, ,K,I,E,D,V,G,xS,D,E,E,D,D,S,G,
,,sp|Q99880|H2B1L_HUMAN; sp|Q99879|H2B1M_HUMAN; sp|Q99877|H2B1N_HUMAN; sp|Q93079|H2B1H_HUMAN; sp|P62807|H2B1C_HUMAN; sp|P58876|H2B1D_HUMAN; sp|O60814|H2B1K_HUMAN; sp|Q5QNW6|H2B2F_HUMAN; sp|P57053|H2BFS_HUMAN; sp|Q16778|H2B2E_HUMAN; sp|P33778|H2B1B_HUMAN; sp|P23527|H2B1O_HUMAN; sp|P06899|H2B1J_HUMAN; sp|Q8N257|H2B3B_HUMAN, , ,Q,V,H,P,D,xT,G,I,S,S,K, , ,
,,sp|P60484|PTEN_HUMAN, , , , ,Y,S,D,xT,T,D,S,D,P,E,N,
,,sp|P51858|HDGF_HUMAN, ,G,N,A,E,G,S,xS,D,E,E,G,K,L,V,
,,sp|Q15056|IF4H_HUMAN, , , , ,A,Y,S,xS,F,G,G,G,R, , ,
,,sp|P62308|RUXG_HUMAN; sp|A8MWD9|RUXGL_HUMAN, , , , , ,G,N,xS,I,I,M,L,E,A,L,
,,sp|P51532|SMCA4_HUMAN, , ,A,K,P,V,V,xS,D,D,D,S,E,E,E,
,,sp|Q02790|FKBP4_HUMAN, , , ,E,G,T,G,xT,E,M,P,M,I,G,D,
,,sp|Q13111|CAF1A_HUMAN, , , ,S,P,S,T,xT,Y,L,H,T,P,T,P,
,,sp|Q6UN15|FIP1_HUMAN; tr|A0A0B4J203|A0A0B4J203_HUMAN,E,D,D,S,D,S,D,xS,D,D,D,E,D,D,V,
,,sp|P05387|RLA2_HUMAN, ,K,E,E,S,E,E,xS,D,D,D,M,G,F,G,
,,sp|P52756|RBM5_HUMAN,V,A,A,Y,S,G,D,xS,D,N,E,E,E,L,V,
,,sp|O95671|ASML_HUMAN,D,S,I,P,A,A,D,xT,F,E,D,L,S,D,V,
,,sp|Q15653|IKBB_HUMAN, , , ,S,G,P,C,xS,S,S,S,D,S,D,S,
,,RRRRRsp|Q6NYC8|PPR18_HUMAN, ,E,A,L,L,E,E,xS,R,Q,Q,Q,Q,Q,Q,
,,sp|P06748|NPM_HUMAN, , , , , , ,V,xT,L,A,T,L,K, , ,
,,sp|Q13111|CAF1A_HUMAN,T,T,Y,L,H,T,P,xT,P,S,E,D,A,A,I,
,,sp|P06454|PTMA_HUMAN,S,D,A,A,V,D,T,xS,S,E,I,T,T,K, ,
,,sp|Q99439|CNN2_HUMAN, , , , , ,D,G,xT,I,L,C,T,L,M,N,
,,sp|O15530|PDPK1_HUMAN, , , ,Q,V,S,S,xS,S,S,S,H,S,L,S,
,,sp|P08238|HS90B_HUMAN, , , , ,D,N,S,xT,M,G,Y,M,M,A,K,
,,sp|P51531|SMCA2_HUMAN, ,I,A,K,E,E,E,xS,E,D,E,S,N,E,E,
,,sp|Q92608|DOCK2_HUMAN, , , , , , ,Q,xT,V,I,S,E,N,Y,L,
,,sp|O00170|AIP_HUMAN,L,H,S,D,D,E,G,xT,V,L,D,D,S,R, ,
,,sp|O15530|PDPK1_HUMAN, , ,Q,V,S,S,S,xS,S,S,H,S,L,S,A,
,,sp|P07900|HS90A_HUMAN, , , , , , , ,xT,L,V,S,V,T,K, ,
,,sp|Q99880|H2B1L_HUMAN; sp|Q99879|H2B1M_HUMAN; sp|Q99877|H2B1N_HUMAN; sp|Q93079|H2B1H_HUMAN; sp|P62807|H2B1C_HUMAN; sp|P58876|H2B1D_HUMAN; sp|O60814|H2B1K_HUMAN; sp|Q5QNW6|H2B2F_HUMAN; sp|P57053|H2BFS_HUMAN, , , , , , ,E,xS,Y,S,V,Y,V,Y,K,
,,sp|Q86UX7|URP2_HUMAN, , , , , ,Y,Y,xS,F,F,D,L,D,P,K,
,,sp|Q6KC79|NIPBL_HUMAN, , , , , ,V,D,xS,D,S,D,S,D,S,E,
,,sp|Q9NRG0|CHRC1_HUMAN,E,N,D,N,D,N,E,xS,D,H,D,E,A,D,S,
